{"cameraMode":{"drawMode":0,"name":"Shaded","section":"Shading Mode"},"sceneLighting":true,"audioPlay":false,"sceneViewState":{"showFog":true,"showMaterialUpdate":false,"showSkybox":true,"showFlares":true,"showImageEffects":true,"showParticleSystems":true},"in2DMode":false,"pivot":{"x":0.6986494064331055,"y":-2.8720691204071047,"z":-4.016932487487793},"rotation":{"x":-0.3171822130680084,"y":0.08152110874652863,"z":-0.02737768366932869,"w":-0.9444577097892761},"size":2.8578836917877199,"orthographic":false}